iteration,epoch,loss,lr
1,1,2.077853202819824,3.9999999999999996e-05
2,1,2.0696349143981934,4.001868995142928e-05
3,1,2.0830912590026855,4.0074758350240754e-05
4,1,2.1038265228271484,4.016820083011907e-05
5,1,2.097890615463257,4.029901011425041e-05
6,1,2.06895112991333,4.046717601588815e-05
7,1,2.1052403450012207,4.0672685439146474e-05
8,1,2.114027976989746,4.0915522380020734e-05
9,1,2.0500340461730957,4.1195667927633396e-05
10,1,2.0542845726013184,4.151310026570662e-05
11,1,2.0632810592651367,4.18677946742613e-05
12,1,2.0980048179626465,4.225972353154208e-05
13,1,2.0726447105407715,4.268885631616862e-05
14,1,2.030496120452881,4.3155159609512255e-05
15,1,2.0576181411743164,4.365859709829813e-05
16,1,2.0966553688049316,4.419912957743383e-05
17,1,2.0385942459106445,4.477671495306198e-05
18,1,2.0481691360473633,4.539130824583813e-05
19,1,2.084479570388794,4.60428615944343e-05
20,1,2.0775437355041504,4.6731324259265106e-05
21,1,2.0480761528015137,4.745664262643999e-05
22,1,2.0417308807373047,4.821876021193772e-05
23,1,2.0051512718200684,4.901761766600585e-05
24,1,2.0738072395324707,4.985315277778151e-05
25,1,1.9985854625701904,5.072530048013703e-05
26,1,2.055885076522827,5.163399285474681e-05
27,1,2.0183677673339844,5.2579159137375775e-05
28,1,2.0203442573547363,5.3560725723391235e-05
29,1,2.011836528778076,5.4578616173493744e-05
30,1,1.9924622774124146,5.5632751219670466e-05
31,1,2.0585055351257324,5.672304877136819e-05
32,1,2.038234233856201,5.784942392188567e-05
33,1,2.0183043479919434,5.901178895498596e-05
34,1,2.032792091369629,6.021005335172733e-05
35,1,1.986059546470642,6.144412379751251e-05
36,1,2.006010055541992,6.271390418935516e-05
37,1,1.995941162109375,6.40192956433644e-05
38,1,2.0047295093536377,6.536019650244473e-05
39,1,1.9474976062774658,6.673650234421328e-05
40,1,1.999586820602417,6.814810598913096e-05
41,1,1.966219186782837,6.959489750884987e-05
42,1,1.9982104301452637,7.107676423477301e-05
43,1,2.011215925216675,7.259359076682904e-05
44,1,1.9979097843170166,7.41452589824587e-05
45,1,2.002451181411743,7.573164804581384e-05
46,1,2.006502151489258,7.735263441716706e-05
47,1,1.9222908020019531,7.900809186253308e-05
48,1,1.9382328987121582,8.069789146349798e-05
49,1,1.942507028579712,8.242190162726e-05
50,1,1.9360411167144775,8.417998809687633e-05
51,1,1.931572437286377,8.597201396171917e-05
52,1,1.9304544925689697,8.779783966813691e-05
53,1,1.9134132862091064,8.965732303032237e-05
54,1,1.9605278968811035,9.155031924138455e-05
55,1,1.9492219686508179,9.34766808846271e-05
56,1,1.8723299503326416,9.543625794502652e-05
57,1,1.9084078073501587,9.742889782091613e-05
58,1,1.9236960411071777,9.945444533586867e-05
59,1,1.8986977338790894,0.00010151274275078156
60,1,1.9257136583328247,0.00010360362977615979
61,1,1.8338314294815063,0.00010572694358459967
62,1,1.8899823427200317,0.00010788251882346792
63,1,1.905670166015625,0.0001100701876277794
64,1,1.8722717761993408,0.00011228977963326833
65,1,1.834106206893921,0.00011454112198965667
66,1,1.8982174396514893,0.00011682403937411396
67,1,1.8635073900222778,0.00011913835400491097
68,1,1.848180890083313,0.000121483885655264
69,1,1.8225996494293213,0.00012386045166737076
70,1,1.8244109153747559,0.000126267866966634
71,1,1.864793062210083,0.00012870594407607427
72,1,1.8743224143981934,0.00013117449313093015
73,1,1.8390976190567017,0.0001336733218934436
74,1,1.8191757202148438,0.0001362022357678306
75,1,1.8411059379577637,0.00013876103781543475
76,1,1.8420014381408691,0.00014134952877006466
77,1,1.8276723623275757,0.00014396750705351078
78,1,1.7771986722946167,0.0001466147687912444
79,1,1.806201696395874,0.00014929110782829335
80,1,1.7825734615325928,0.00015199631574529672
81,1,1.7685588598251343,0.0001547301818747355
82,1,1.7907754182815552,0.000157492493317338
83,1,1.7625672817230225,0.00016028303495866
84,1,1.7760645151138306,0.0001631015894858355
85,1,1.7702217102050781,0.0001659479374045014
86,1,1.7828402519226074,0.00016882185705588935
87,1,1.755924940109253,0.00017172312463408835
88,1,1.831274390220642,0.00017465151420347272
89,1,1.796602725982666,0.0001776067977162975
90,1,1.7450953722000122,0.00018058874503045722
91,1,1.7210407257080078,0.00018359712392740813
92,1,1.6941046714782715,0.00018663170013025275
93,1,1.825537085533142,0.00018969223732198301
94,1,1.699277400970459,0.00019277849716388483
95,1,1.7107064723968506,0.0001958902393140973
96,1,1.6953012943267822,0.00019902722144633051
97,1,1.7099714279174805,0.0002021891992687357
98,1,1.712754726409912,0.00020537592654292988
99,1,1.6771197319030762,0.0002085871551031714
100,1,1.6845393180847168,0.00021182263487568617
101,1,1.6991405487060547,0.00021508211389814147
102,1,1.7051105499267578,0.00021836533833926826
103,1,1.6896380186080933,0.00022167205251862737
104,1,1.6837605237960815,0.00022500199892652186
105,1,1.6801674365997314,0.00022835491824404845
106,1,1.7639458179473877,0.0002317305493632943
107,1,1.672210454940796,0.00023512862940766903
108,1,1.8072171211242676,0.0002385488937523768
109,1,1.629251480102539,0.000241991076045024
110,1,1.6834986209869385,0.0002454549082263612
111,1,1.673146367073059,0.00024894012055115837
112,1,1.6218008995056152,0.0002524464416092108
113,1,1.640019416809082,0.00025597359834647615
114,1,1.6459835767745972,0.000259521316086337
115,1,1.7091057300567627,0.00026308931855099243
116,1,1.6281452178955078,0.0002666773278829724
117,1,1.6132068634033203,0.0002702850646667766
118,1,1.8656140565872192,0.00027391224795063297
119,1,1.7363028526306152,0.00027755859526837725
120,2,1.6472210884094238,0.0002812238226614503
121,2,1.6734800338745117,0.0002849076447010104
122,2,1.665157437324524,0.00028860977451016174
123,2,1.588041067123413,0.000292329923786295
124,2,1.7005847692489624,0.0002960678028235377
125,2,1.642370581626892,0.0002998231205353166
126,2,1.7164338827133179,0.00030359558447702476
127,2,1.632948398590088,0.0003073849008687961
128,2,1.53340744972229,0.0003111907746183838
129,2,1.6330156326293945,0.0003150129093441395
130,2,1.5539097785949707,0.00031885100739809525
131,2,1.6119987964630127,0.0003227047698891415
132,2,1.5687599182128906,0.0003265738967063045
133,2,1.7797671556472778,0.0003304580865421162
134,2,1.6931556463241577,0.0003343570369160793
135,2,1.609655737876892,0.00033827044419822237
136,2,1.5337659120559692,0.0003421980036327454
137,2,1.6096733808517456,0.00034613940936175237
138,2,1.5441386699676514,0.0003500943544490696
139,2,1.5441076755523682,0.000354062530904149
140,2,1.6714240312576294,0.000358043629706052
141,2,1.6076117753982544,0.00036203734082751525
142,2,1.7244832515716553,0.00036604335325909334
143,2,1.7649437189102173,0.00037006135503337865
144,2,1.729387879371643,0.00037409103324929666
145,2,1.5178420543670654,0.00037813207409647157
146,2,1.530683994293213,0.0003821841628796653
147,2,1.5471014976501465,0.00038624698404328374
148,2,1.5568561553955078,0.0003903202211959511
149,2,1.5347623825073242,0.00039440355713514844
150,2,1.57454514503479,0.000398496673871916
151,2,1.5195367336273193,0.00040259925265561595
152,2,1.5392365455627441,0.0004067109739987561
153,2,1.54938542842865,0.00041083151770186885
154,2,1.5385843515396118,0.00041496056287844733
155,2,1.5370259284973145,0.0004190977879799338
156,2,1.5003046989440918,0.000423242870820761
157,2,1.865854024887085,0.00042739548860344146
158,2,1.4966779947280884,0.0004315553179437059
159,2,1.4974007606506348,0.0004357220348956861
160,2,1.5245065689086914,0.0004398953149771427
161,2,1.489201545715332,0.00044407483319473405
162,2,1.5004384517669678,0.0004482602640693248
163,2,1.525409460067749,0.0004524512816613325
164,2,1.501046895980835,0.0004566475595961106
165,2,1.5372200012207031,0.00046084877108936394
166,2,1.4241408109664917,0.0004650545889725977
167,2,1.6855758428573608,0.00046926468571859535
168,2,1.4699132442474365,0.00047347873346692505
169,2,1.6540513038635254,0.0004776964040494711
170,2,1.4585955142974854,0.0004819173690159905
171,2,1.4880783557891846,0.00048614129965969077
172,2,1.7133756875991821,0.0004903678670428276
173,2,1.444926381111145,0.0004945967420223218
174,2,1.4969336986541748,0.0004988275952753897
175,2,1.8441493511199951,0.0005030600973251908
176,2,1.7065889835357666,0.0005072939185664843
177,2,1.4474587440490723,0.0005115287292912982
178,2,1.5263750553131104,0.0005157641997146041
179,2,1.5326132774353027,0.0005200000000000001
180,2,1.5382782220840454,0.0005242358002853957
181,2,1.5642597675323486,0.0005284712707087017
182,2,1.5692946910858154,0.0005327060814335155
183,2,1.6646153926849365,0.0005369399026748092
184,2,1.4439793825149536,0.0005411724047246102
185,2,1.4851100444793701,0.0005454032579776784
186,2,1.6117947101593018,0.0005496321329571724
187,2,1.4585494995117188,0.0005538587003403094
188,2,1.4363868236541748,0.0005580826309840094
189,2,1.7284460067749023,0.0005623035959505287
190,2,1.4513394832611084,0.0005665212665330749
191,2,1.4913924932479858,0.0005707353142814046
192,2,1.4439122676849365,0.0005749454110274024
193,2,1.5604510307312012,0.0005791512289106361
194,2,1.6388459205627441,0.0005833524404038894
195,2,1.3942031860351562,0.0005875487183386674
196,2,1.5207579135894775,0.0005917397359306751
197,2,1.5275683403015137,0.000595925166805266
198,2,1.5539735555648804,0.0006001046850228572
199,2,1.4048027992248535,0.0006042779651043139
200,2,1.391955018043518,0.0006084446820562941
201,2,1.4955881834030151,0.0006126045113965584
202,2,1.8830008506774902,0.000616757129179239
203,2,1.4574542045593262,0.0006209022120200662
204,2,1.5079753398895264,0.0006250394371215527
205,2,1.3449676036834717,0.000629168482298131
206,2,1.512148141860962,0.0006332890260012439
207,2,1.4562560319900513,0.000637400747344384
208,2,1.4888758659362793,0.0006415033261280841
209,2,1.376031756401062,0.0006455964428648515
210,2,1.466507911682129,0.000649679778804049
211,2,1.4160737991333008,0.0006537530159567162
212,2,1.4824669361114502,0.0006578158371203346
213,2,1.551649808883667,0.0006618679259035283
214,2,1.5643665790557861,0.0006659089667507031
215,2,1.618747353553772,0.0006699386449666213
216,2,1.345435619354248,0.0006739566467409067
217,2,1.6133474111557007,0.0006779626591724849
218,2,1.5511823892593384,0.0006819563702939479
219,2,1.4799935817718506,0.0006859374690958511
220,2,1.5015454292297363,0.0006899056455509304
221,2,1.784631371498108,0.0006938605906382474
222,2,1.3641331195831299,0.0006978019963672546
223,2,1.4523706436157227,0.0007017295558017775
224,2,1.4189404249191284,0.0007056429630839208
225,2,1.6146684885025024,0.0007095419134578837
226,2,1.3698630332946777,0.0007134261032936955
227,2,1.9438832998275757,0.0007172952301108585
228,2,1.6249545812606812,0.0007211489926019048
229,2,1.5797369480133057,0.0007249870906558605
230,2,1.4032419919967651,0.0007288092253816162
231,2,1.5482029914855957,0.0007326150991312039
232,2,1.340059757232666,0.0007364044155229754
233,2,1.6559871435165405,0.0007401768794646835
234,2,1.3307316303253174,0.0007439321971764623
235,2,1.359960913658142,0.0007476700762137052
236,2,1.4843251705169678,0.0007513902254898383
237,2,1.6511473655700684,0.0007550923552989896
238,2,1.296421766281128,0.0007587761773385498
239,3,1.5374047756195068,0.0007624414047316228
240,3,1.4719734191894531,0.0007660877520493672
241,3,1.6333467960357666,0.0007697149353332234
242,3,1.639596939086914,0.0007733226721170277
243,3,1.4367425441741943,0.0007769106814490077
244,3,1.463083267211914,0.0007804786839136629
245,3,1.4868922233581543,0.0007840264016535239
246,3,1.4651260375976562,0.000787553558390789
247,3,1.364183783531189,0.0007910598794488416
248,3,1.4356756210327148,0.0007945450917736388
249,3,1.3693863153457642,0.0007980089239549761
250,3,1.4979649782180786,0.0008014511062476232
251,3,1.3664746284484863,0.0008048713705923311
252,3,1.3696833848953247,0.0008082694506367057
253,3,1.3452746868133545,0.0008116450817559515
254,3,1.4815901517868042,0.0008149980010734783
255,3,1.5308709144592285,0.0008183279474813724
256,3,1.619328260421753,0.0008216346616607318
257,3,1.7692360877990723,0.0008249178861018585
258,3,1.5778733491897583,0.000828177365124314
259,3,1.4775657653808594,0.0008314128448968285
260,3,1.5387437343597412,0.00083462407345707
261,3,1.417306661605835,0.0008378108007312642
262,3,1.4914069175720215,0.0008409727785536694
263,3,1.353532075881958,0.0008441097606859027
264,3,1.5528502464294434,0.0008472215028361152
265,3,1.311169981956482,0.000850307762678017
266,3,1.3592338562011719,0.0008533682998697474
267,3,1.3492506742477417,0.0008564028760725919
268,3,1.372997760772705,0.0008594112549695428
269,3,1.4379794597625732,0.0008623932022837024
270,3,1.4225653409957886,0.0008653484857965273
271,3,1.4534566402435303,0.0008682768753659117
272,3,1.5867453813552856,0.0008711781429441107
273,3,1.6055676937103271,0.0008740520625954986
274,3,1.2565878629684448,0.0008768984105141646
275,3,1.5256141424179077,0.00087971696504134
276,3,1.5088995695114136,0.000882507506682662
277,3,1.5126314163208008,0.0008852698181252645
278,3,1.2997936010360718,0.0008880036842547032
279,3,1.559516429901123,0.0008907088921717067
280,3,1.3101295232772827,0.0008933852312087555
281,3,1.346902847290039,0.0008960324929464892
282,3,1.5716180801391602,0.0008986504712299354
283,3,1.2685863971710205,0.0009012389621845653
284,3,1.4740560054779053,0.0009037977642321694
285,3,1.5253689289093018,0.0009063266781065563
286,3,1.8501062393188477,0.0009088255068690699
287,3,1.2976106405258179,0.0009112940559239256
288,3,1.4575588703155518,0.000913732133033366
289,3,1.5438683032989502,0.0009161395483326291
290,3,1.3105370998382568,0.0009185161143447359
291,3,1.3058329820632935,0.000920861645995089
292,3,1.3500959873199463,0.0009231759606258861
293,3,1.4304661750793457,0.0009254588780103433
294,3,1.4943857192993164,0.0009277102203667316
295,3,1.2895917892456055,0.0009299298123722206
296,3,1.3421132564544678,0.0009321174811765319
297,3,1.4549671411514282,0.0009342730564154004
298,3,1.3614221811294556,0.0009363963702238402
299,3,1.2294089794158936,0.0009384872572492186
300,3,1.7263400554656982,0.0009405455546641312
301,3,1.3056583404541016,0.0009425711021790838
302,3,1.3879988193511963,0.0009445637420549734
303,3,1.2938202619552612,0.0009465233191153728
304,3,1.4925262928009033,0.0009484496807586154
305,3,1.4236243963241577,0.0009503426769696777
306,3,1.3098559379577637,0.000952202160331863
307,3,1.4282515048980713,0.0009540279860382807
308,3,1.6161375045776367,0.0009558200119031237
309,3,1.3511990308761597,0.00095757809837274
310,3,1.4665712118148804,0.000959302108536502
311,3,1.777133822441101,0.0009609919081374669
312,3,1.4834507703781128,0.0009626473655828328
313,3,1.3085472583770752,0.0009642683519541861
314,3,1.274088740348816,0.0009658547410175413
315,3,1.3427417278289795,0.000967406409233171
316,3,1.5332558155059814,0.000968923235765227
317,3,1.56247878074646,0.0009704051024911501
318,3,1.5165444612503052,0.000971851894010869
319,3,1.711055874824524,0.0009732634976557867
320,3,1.378967523574829,0.0009746398034975553
321,3,1.2595622539520264,0.0009759807043566356
322,3,1.195798397064209,0.0009772860958106447
323,3,1.3873738050460815,0.0009785558762024874
324,3,1.2720792293548584,0.0009797899466482728
325,3,1.3492043018341064,0.000980988211045014
326,3,1.28651762008667,0.0009821505760781142
327,3,1.3480898141860962,0.0009832769512286318
328,3,1.5440492630004883,0.0009843672487803296
329,3,1.4088752269744873,0.0009854213838265064
330,3,1.3923007249832153,0.0009864392742766088
331,3,1.2163385152816772,0.0009874208408626242
332,3,1.3005023002624512,0.0009883660071452532
333,3,1.3957295417785645,0.0009892746995198629
334,3,1.261387586593628,0.0009901468472222185
335,3,1.3712351322174072,0.0009909823823339942
336,3,1.4506529569625854,0.0009917812397880622
337,3,1.3096851110458374,0.00099254335737356
338,3,1.7056374549865723,0.000993268675740735
339,3,1.3870123624801636,0.0009939571384055656
340,3,1.2848730087280273,0.0009946086917541619
341,3,1.3464182615280151,0.000995223285046938
342,3,1.2502970695495605,0.000995800870422566
343,3,1.203586220741272,0.000996341402901702
344,3,1.3313872814178467,0.0009968448403904879
345,3,2.162230968475342,0.0009973111436838314
346,3,1.3206186294555664,0.000997740276468458
347,3,1.4962376356124878,0.0009981322053257387
348,3,1.3422166109085083,0.0009984868997342934
349,3,1.1849684715270996,0.0009988043320723666
350,3,1.428804874420166,0.0009990844776199793
351,3,1.3029729127883911,0.0009993273145608537
352,3,1.4680107831954956,0.0009995328239841119
353,3,1.3600680828094482,0.0009997009898857496
354,3,1.3632551431655884,0.000999831799169881
355,3,1.397054672241211,0.0009999252416497593
356,3,1.4442507028579712,0.0009999813100485708
357,3,1.4704010486602783,0.001
358,4,1.3060460090637207,0.0009999964441167017
359,4,1.3079447746276855,0.0009999857765173837
360,4,1.3092308044433594,0.000999967997353778
361,4,1.1503422260284424,0.0009999431068787679
362,4,1.1804344654083252,0.0009999111054463852
363,4,1.2074666023254395,0.0009998719935118054
364,4,1.341813087463379,0.0009998257716313408
365,4,1.2354395389556885,0.0009997724404624318
366,4,1.3703631162643433,0.0009997120007636398
367,4,1.1439242362976074,0.000999644453394634
368,4,1.5169003009796143,0.0009995697993161804
369,4,1.2703518867492676,0.0009994880395901283
370,4,1.8032571077346802,0.0009993991753793942
371,4,1.501817226409912,0.0009993032079479462
372,4,1.0723403692245483,0.000999200138660786
373,4,1.307631015777588,0.0009990899689839288
374,4,1.2387385368347168,0.0009989727004843826
375,4,1.4151837825775146,0.000998848334830127
376,4,1.2369976043701172,0.0009987168737900878
377,4,1.130799651145935,0.0009985783192341129
378,4,1.140565037727356,0.0009984326731329455
379,4,1.2802834510803223,0.0009982799375581964
380,4,1.2360373735427856,0.0009981201146823133
381,4,1.6411292552947998,0.0009979532067785515
382,4,1.2583820819854736,0.0009977792162209405
383,4,1.5302494764328003,0.0009975981454842509
384,4,1.5307481288909912,0.0009974099971439586
385,4,1.2741894721984863,0.0009972147738762083
386,4,1.1994733810424805,0.0009970124784577758
387,4,1.2577219009399414,0.0009968031137660284
388,4,1.639311671257019,0.0009965866827788832
389,4,1.420275092124939,0.0009963631885747662
390,4,1.1321280002593994,0.0009961326343325672
391,4,1.3698627948760986,0.0009958950233315954
392,4,1.4145481586456299,0.0009956503589515322
393,4,1.3255739212036133,0.0009953986446723834
394,4,1.2171355485916138,0.0009951398840744297
395,4,1.2988449335098267,0.000994874080838176
396,4,1.3702622652053833,0.0009946012387442983
397,4,1.0991497039794922,0.0009943213616735909
398,4,1.4074047803878784,0.0009940344536069103
399,4,1.4153058528900146,0.0009937405186251193
400,4,1.1953808069229126,0.0009934395609090287
401,4,1.2946014404296875,0.0009931315847393379
402,4,1.2503752708435059,0.0009928165944965732
403,4,1.4679838418960571,0.000992494594661027
404,4,1.4108699560165405,0.000992165589812693
405,4,1.2061786651611328,0.0009918295846312012
406,4,1.1893937587738037,0.0009914865838957516
407,4,1.6179243326187134,0.000991136592485046
408,4,1.1737029552459717,0.0009907796153772188
409,4,1.578285813331604,0.000990415657649766
410,4,1.3673644065856934,0.0009900447244794732
411,4,1.2786190509796143,0.0009896668211423418
412,4,1.2064449787139893,0.0009892819530135136
413,4,1.2130695581436157,0.0009888901255671958
414,4,1.270103931427002,0.000988491344376581
415,4,1.3668999671936035,0.0009880856151137693
416,4,1.2816013097763062,0.0009876729435496874
417,4,1.3287700414657593,0.0009872533355540067
418,4,1.2352416515350342,0.0009868267970950591
419,4,1.568943977355957,0.0009863933342397528
420,4,1.3109941482543945,0.000985952953153486
421,4,1.2216477394104004,0.0009855056601000586
422,4,1.3883901834487915,0.0009850514614415835
423,4,1.1268446445465088,0.0009845903636383966
424,4,1.7804702520370483,0.0009841223732489639
425,4,1.4593499898910522,0.0009836474969297886
426,4,1.2247061729431152,0.000983165741435317
427,4,1.3016349077224731,0.000982677113617842
428,4,1.1515295505523682,0.0009821816204274051
429,4,1.172156810760498,0.0009816792689116985
430,4,1.3149840831756592,0.0009811700662159639
431,4,1.1478919982910156,0.000980654019582892
432,4,1.3104660511016846,0.0009801311363525187
433,4,1.8093812465667725,0.0009796014239621205
434,4,1.1984952688217163,0.0009790648899461092
435,4,1.3759791851043701,0.000978521541935925
436,4,1.4273685216903687,0.0009779713876599272
437,4,1.321307897567749,0.0009774144349432845
438,4,1.2177536487579346,0.0009768506917078646
439,4,1.2031140327453613,0.0009762801659721193
440,4,1.224790334701538,0.0009757028658509734
441,4,1.3467092514038086,0.0009751187995557073
442,4,1.1571530103683472,0.0009745279753938402
443,4,1.0308780670166016,0.000973930401769013
444,4,1.1942921876907349,0.000973326087180868
445,4,1.2919292449951172,0.000972715040224928
446,4,1.2980108261108398,0.0009720972695924745
447,4,1.145798921585083,0.0009714727840704238
448,4,1.2114977836608887,0.000970841592541202
449,4,1.1367706060409546,0.0009702037039826186
450,4,1.2005252838134766,0.0009695591274677391
451,4,1.4249017238616943,0.0009689078721647555
452,4,1.2707257270812988,0.0009682499473368564
453,4,1.7690606117248535,0.0009675853623420948
454,4,1.7707087993621826,0.000966914126633255
455,4,1.3400439023971558,0.0009662362497577189
456,4,1.1973644495010376,0.0009655517413573294
457,4,1.2629282474517822,0.000964860611168253
458,4,2.2075467109680176,0.0009641628690208426
459,4,1.1820470094680786,0.0009634585248394961
460,4,1.5040254592895508,0.0009627475886425167
461,4,1.3544187545776367,0.0009620300705419694
462,4,1.2840214967727661,0.0009613059807435375
463,4,1.3869144916534424,0.0009605753295463775
464,4,1.5426874160766602,0.0009598381273429725
465,4,1.6834080219268799,0.0009590943846189845
466,4,1.71462082862854,0.0009583441119531051
467,4,1.573533058166504,0.0009575873200169051
468,4,1.4578993320465088,0.0009568240195746829
469,4,1.259012222290039,0.0009560542214833111
470,4,1.174523949623108,0.000955277936692082
471,4,1.3575469255447388,0.0009544951762425525
472,4,1.3187994956970215,0.0009537059512683863
473,4,2.1464037895202637,0.0009529102729951958
474,4,1.1912435293197632,0.0009521081527403829
475,4,1.1164700984954834,0.0009512996019129769
476,4,1.1115074157714844,0.0009504846320134736
477,5,1.452336311340332,0.0009496632546336708
478,5,1.2635574340820312,0.0009488354814565037
479,5,1.3516597747802734,0.0009480013242558783
480,5,1.3226207494735718,0.000947160794896505
481,5,1.2531018257141113,0.0009463139053337288
482,5,1.4551334381103516,0.0009454606676133598
483,5,1.2861623764038086,0.0009446010938715014
484,5,1.355921745300293,0.0009437351963343782
485,5,1.3141272068023682,0.000942862987318162
486,5,1.3345680236816406,0.000941984479228796
487,5,1.294608235359192,0.0009410996845618194
488,5,1.0996590852737427,0.0009402086159021886
489,5,1.2521226406097412,0.0009393112859240994
490,5,1.3993287086486816,0.0009384077073908053
491,5,1.3516693115234375,0.0009374978931544368
492,5,1.23518967628479,0.0009365818561558189
493,5,1.3575025796890259,0.0009356596094242864
494,5,1.320980429649353,0.0009347311660774986
495,5,1.2401835918426514,0.0009337965393212532
496,5,1.3052093982696533,0.000932855742449298
497,5,1.305816411972046,0.0009319087888431421
498,5,1.2342453002929688,0.0009309556919718655
499,5,1.6152671575546265,0.0009299964653919274
500,5,1.1872040033340454,0.0009290311227469733
501,5,1.163226842880249,0.0009280596777676413
502,5,1.3892158269882202,0.0009270821442713667
503,5,1.143248200416565,0.0009260985361621854
504,5,1.4178264141082764,0.0009251088674305356
505,5,1.5140225887298584,0.0009241131521530599
506,5,1.2732675075531006,0.000923111404492404
507,5,1.2519034147262573,0.0009221036386970165
508,5,1.4454619884490967,0.0009210898691009443
509,5,1.1941421031951904,0.0009200701101236311
510,5,1.1371952295303345,0.0009190443762697104
511,5,1.312251091003418,0.0009180126821288002
512,5,1.196643352508545,0.0009169750423752949
513,5,1.24956214427948,0.0009159314717681569
514,5,1.1528749465942383,0.0009148819851507071
515,5,1.1313201189041138,0.0009138265974504127
516,5,1.1379048824310303,0.0009127653236786758
517,5,1.2109593152999878,0.0009116981789306194
518,5,1.2462599277496338,0.0009106251783848731
519,5,1.462721824645996,0.0009095463373033569
520,5,1.4191747903823853,0.0009084616710310638
521,5,1.4244632720947266,0.0009073711949958425
522,5,1.0354400873184204,0.0009062749247081771
523,5,1.5544722080230713,0.0009051728757609668
524,5,1.1498420238494873,0.0009040650638293038
525,5,1.3103138208389282,0.0009029515046702515
526,5,1.8976231813430786,0.0009018322141226183
527,5,1.6842421293258667,0.0009007072081067345
528,5,1.456425666809082,0.0008995765026242245
529,5,1.1698250770568848,0.0008984401137577794
530,5,1.3144437074661255,0.0008972980576709286
531,5,1.6829047203063965,0.0008961503506078101
532,5,1.1435288190841675,0.0008949970088929384
533,5,1.2863773107528687,0.0008938380489309733
534,5,1.5445290803909302,0.0008926734872064864
535,5,1.1224242448806763,0.0008915033402837261
536,5,1.5864262580871582,0.0008903276248063826
537,5,1.1722444295883179,0.000889146357497351
538,5,1.2093757390975952,0.0008879595551584934
539,5,1.2034744024276733,0.0008867672346703995
540,5,1.1672236919403076,0.0008855694129921473
541,5,1.454341173171997,0.0008843661071610615
542,5,1.2544786930084229,0.0008831573342924707
543,5,1.1843129396438599,0.000881943111579465
544,5,1.6231422424316406,0.0008807234562926504
545,5,1.2697079181671143,0.0008794983857799037
546,5,1.284822940826416,0.0008782679174661258
547,5,1.2684763669967651,0.0008770320688529934
548,5,1.2158522605895996,0.0008757908575187108
549,5,1.6217823028564453,0.0008745443011177593
550,5,1.3980276584625244,0.0008732924173806459
551,5,1.110741376876831,0.0008720352241136519
552,5,2.477792263031006,0.000870772739198579
553,5,1.2356570959091187,0.000869504980592495
554,5,1.2388358116149902,0.0008682319663274788
555,5,1.4013333320617676,0.0008669537145103634
556,5,1.4891479015350342,0.0008656702433224786
557,5,1.1762615442276,0.0008643815710193926
558,5,1.2207307815551758,0.0008630877159306519
559,5,1.225926399230957,0.000861788696459521
560,5,1.2737152576446533,0.0008604845310827203
561,5,1.1843129396438599,0.0008591752383501635
562,5,1.295911431312561,0.0008578608368846938
563,5,1.2866156101226807,0.000856541345381819
564,5,1.1178276538848877,0.0008552167826094451
565,5,1.3370858430862427,0.00085388716740761
566,5,1.2585160732269287,0.0008525525186882157
567,5,1.4275891780853271,0.000851212855434758
568,5,1.4585957527160645,0.0008498681967020581
569,5,1.1821539402008057,0.000848518561615991
570,5,1.4346327781677246,0.0008471639693732121
571,5,1.4048084020614624,0.0008458044392408868
572,5,1.2061926126480103,0.0008444399905564142
573,5,1.1162484884262085,0.0008430706427271533
574,5,1.6368768215179443,0.0008416964152301461
575,5,1.3982791900634766,0.0008403173276118414
576,5,1.6466618776321411,0.0008389333994878158
577,5,1.37095308303833,0.0008375446505424961
578,5,1.3724420070648193,0.0008361511005288778
579,5,1.3171701431274414,0.000834752769268245
580,5,1.3634212017059326,0.0008333496766498886
581,5,1.2531256675720215,0.0008319418426308225
582,5,1.3525246381759644,0.0008305292872355011
583,5,1.1999597549438477,0.000829112030555533
584,5,1.4404890537261963,0.0008276900927493964
585,5,1.2031779289245605,0.000826263494042152
586,5,1.1332645416259766,0.0008248322547251544
587,5,1.1868772506713867,0.0008233963951557657
588,5,1.3108432292938232,0.0008219559357570634
589,5,1.163949966430664,0.0008205108970175517
590,5,1.2589019536972046,0.0008190612994908691
591,5,1.1576792001724243,0.000817607163795497
592,5,1.8161709308624268,0.000816148510614465
593,5,1.1293050050735474,0.0008146853606950582
594,5,1.353057622909546,0.0008132177348485214
595,5,1.6472721099853516,0.000811745653949763
596,6,1.5516839027404785,0.0008102691389370582
597,6,1.357104778289795,0.0008087882108117514
598,6,1.3968669176101685,0.000807302890637957
599,6,1.2638583183288574,0.0008058131995422606
600,6,1.6596347093582153,0.0008043191587134176
601,6,1.5281373262405396,0.0008028207894020522
602,6,1.254804015159607,0.0008013181129203554
603,6,1.2652777433395386,0.0007998111506417814
604,6,1.464669108390808,0.000798299924000744
605,6,1.2294524908065796,0.0007967844544923118
606,6,1.9073247909545898,0.0007952647636719012
607,6,1.4616353511810303,0.0007937408731549719
608,6,1.3233020305633545,0.000792212804616718
609,6,1.4984400272369385,0.0007906805797917598
610,6,1.2750072479248047,0.0007891442204738353
611,6,1.273452877998352,0.0007876037485154897
612,6,1.1286147832870483,0.0007860591858277645
613,6,1.4858996868133545,0.0007845105543798864
614,6,1.2086248397827148,0.0007829578761989541
615,6,1.2905783653259277,0.0007814011733696259
616,6,1.3777107000350952,0.0007798404680338045
617,6,1.1609307527542114,0.0007782757823903229
618,6,1.4415040016174316,0.0007767071386946281
619,6,1.4260414838790894,0.0007751345592584656
620,6,1.148033857345581,0.0007735580664495601
621,6,1.3411955833435059,0.0007719776826912994
622,6,1.3667893409729004,0.000770393430462414
623,6,1.1193927526474,0.0007688053322966585
624,6,1.2320631742477417,0.00076721341078249
625,6,1.3538777828216553,0.0007656176885627478
626,6,1.3285503387451172,0.0007640181883343305
627,6,1.1176109313964844,0.0007624149328478738
628,6,1.1445363759994507,0.0007608079449074262
629,6,1.2116467952728271,0.000759197247370126
630,6,1.2280157804489136,0.000757582863145874
631,6,1.2323909997940063,0.0007559648151970104
632,6,1.1492902040481567,0.0007543431265379855
633,6,1.4032542705535889,0.0007527178202350343
634,6,1.3457822799682617,0.0007510889194058472
635,6,1.1331615447998047,0.0007494564472192419
636,6,1.3176193237304688,0.0007478204268948339
637,6,1.0861024856567383,0.0007461808817027052
638,6,1.1508204936981201,0.0007445378349630751
639,6,1.1399621963500977,0.0007428913100459665
640,6,1.3469719886779785,0.0007412413303708751
641,6,1.3404195308685303,0.0007395879194064352
642,6,1.081120491027832,0.000737931100670087
643,6,1.1683729887008667,0.0007362708977277406
644,6,1.6938514709472656,0.0007346073341934426
645,6,1.0142362117767334,0.0007329404337290384
646,6,1.0739837884902954,0.0007312702200438372
647,6,1.3652948141098022,0.0007295967168942735
648,6,1.3434717655181885,0.0007279199480835705
649,6,1.1526812314987183,0.0007262399374614
650,6,1.2832238674163818,0.0007245567089235448
651,6,1.0363527536392212,0.0007228702864115576
652,6,1.3018438816070557,0.0007211806939124207
653,6,1.5174283981323242,0.0007194879554582053
654,6,1.7746894359588623,0.0007177920951257296
655,6,1.1708111763000488,0.0007160931370362155
656,6,1.18818998336792,0.0007143911053549464
657,6,1.2639614343643188,0.0007126860242909235
658,6,1.3041332960128784,0.0007109779180965208
659,6,1.2115652561187744,0.0007092668110671406
660,6,1.2303401231765747,0.0007075527275408679
661,6,1.4843225479125977,0.0007058356918981241
662,6,1.2778151035308838,0.0007041157285613206
663,6,1.0488135814666748,0.0007023928619945105
664,6,1.080352783203125,0.000700667116703042
665,6,1.1501458883285522,0.0006989385172332084
666,6,1.208827018737793,0.0006972070881719002
667,6,1.275904655456543,0.0006954728541462545
668,6,1.2108924388885498,0.0006937358398233053
669,6,1.249867558479309,0.0006919960699096321
670,6,1.1707594394683838,0.0006902535691510095
671,6,1.245328664779663,0.0006885083623320534
672,6,1.3236517906188965,0.0006867604742758704
673,6,1.278528094291687,0.000685009929843704
674,6,1.0127133131027222,0.0006832567539345805
675,6,1.3207393884658813,0.0006815009714849552
676,6,1.5916786193847656,0.0006797426074683582
677,6,1.4018113613128662,0.0006779816868950383
678,6,1.1631879806518555,0.0006762182348116081
679,6,1.4197455644607544,0.000674452276300687
680,6,1.287155032157898,0.0006726838364805449
681,6,1.7723689079284668,0.0006709129405047451
682,6,1.1224197149276733,0.0006691396135617861
683,6,1.239756464958191,0.0006673638808747433
684,6,1.2965455055236816,0.0006655857677009106
685,6,1.248597264289856,0.0006638052993314407
686,6,1.2614872455596924,0.0006620225010909862
687,6,1.662684679031372,0.0006602373983373382
688,6,1.3331801891326904,0.0006584500164610668
689,6,1.5059788227081299,0.0006566603808851588
690,6,1.1478040218353271,0.0006548685170646574
691,6,1.2695109844207764,0.0006530744504862988
692,6,1.0390548706054688,0.0006512782066681507
693,6,1.3528856039047241,0.0006494798111592487
694,6,1.279725193977356,0.0006476792895392338
695,6,1.536147117614746,0.0006458766674179871
696,6,1.2481789588928223,0.0006440719704352667
697,6,1.140373706817627,0.0006422652242603429
698,6,1.1211391687393188,0.0006404564545916326
699,6,1.2995754480361938,0.0006386456871563342
700,6,1.2897977828979492,0.0006368329477100613
701,6,1.258644461631775,0.0006350182620364768
702,6,1.1122260093688965,0.0006332016559469259
703,6,1.2957013845443726,0.0006313831552800689
704,6,1.3943225145339966,0.000629562785901514
705,6,1.2725309133529663,0.0006277405737034488
706,6,1.280609369277954,0.0006259165446042728
707,6,0.9671052694320679,0.0006240907245482283
708,6,1.2169954776763916,0.0006222631395050313
709,6,1.4957900047302246,0.0006204338154695021
710,6,1.2133560180664062,0.0006186027784611962
711,6,1.2136569023132324,0.0006167700545240334
712,6,1.0691684484481812,0.0006149356697259276
713,6,1.2969257831573486,0.0006130996501584162
714,6,1.2463828325271606,0.0006112620219362892
715,7,1.310427188873291,0.0006094228111972169
716,7,1.2975986003875732,0.0006075820441013791
717,7,1.2965648174285889,0.0006057397468310923
718,7,1.2079378366470337,0.0006038959455904377
719,7,1.335671305656433,0.0006020506666048884
720,7,1.1632368564605713,0.0006002039361209363
721,7,1.6711472272872925,0.0005983557804057187
722,7,1.1967110633850098,0.0005965062257466451
723,7,1.2360726594924927,0.0005946552984510226
724,7,1.221097707748413,0.0005928030248456825
725,7,0.9318915605545044,0.0005909494312766053
726,7,1.1294567584991455,0.000589094544108546
727,7,1.169222354888916,0.0005872383897246594
728,7,1.1694843769073486,0.0005853809945261245
729,7,0.9978629350662231,0.0005835223849317695
730,7,1.1701165437698364,0.000581662587377695
731,7,1.2442495822906494,0.0005798016283168995
732,7,0.9707409143447876,0.0005779395342189016
733,7,1.2971203327178955,0.0005760763315693644
734,7,1.0225169658660889,0.0005742120468697188
735,7,1.0653011798858643,0.0005723467066367861
736,7,1.1272914409637451,0.0005704803374024011
737,7,1.0161621570587158,0.0005686129657130348
738,7,1.3792697191238403,0.0005667446181294167
739,7,1.3949962854385376,0.0005648753212261571
740,7,1.3011143207550049,0.0005630051015913684
741,7,1.2109758853912354,0.0005611339858262886
742,7,1.0641052722930908,0.000559262000544901
743,7,1.4526281356811523,0.000557389172373557
744,7,1.3225717544555664,0.000555515527950597
745,7,1.1493852138519287,0.000553641093925971
746,7,1.3744233846664429,0.0005517658969608601
747,7,1.1635313034057617,0.0005498899637272979
748,7,1.2065532207489014,0.000548013320907789
749,7,1.4238295555114746,0.000546135995194932
750,7,1.178492546081543,0.0005442580132910382
751,7,1.1148616075515747,0.0005423794019077525
752,7,1.1147998571395874,0.000540500187765673
753,7,1.1229019165039062,0.0005386203975939714
754,7,1.2702090740203857,0.0005367400581300126
755,7,1.3872809410095215,0.0005348591961189743
756,7,1.135847568511963,0.0005329778383134667
757,7,1.1005706787109375,0.0005310960114731523
758,7,1.5177428722381592,0.0005292137423643644
759,7,1.250913143157959,0.0005273310577597274
760,7,1.2357226610183716,0.0005254479844377753
761,7,1.1238484382629395,0.0005235645491825712
762,7,1.3529380559921265,0.000521680778783326
763,7,1.3910982608795166,0.0005197967000340178
764,7,1.2537657022476196,0.0005179123397330104
765,7,1.0100473165512085,0.0005160277246826726
766,7,1.211043119430542,0.0005141428816889956
767,7,1.0873340368270874,0.0005122578375612142
768,7,1.0409352779388428,0.000510372619111423
769,7,1.2711011171340942,0.0005084872531541968
770,7,1.1999441385269165,0.0005066017665062078
771,7,1.3898789882659912,0.0005047161859858454
772,7,0.9514831304550171,0.0005028305384128339
773,7,1.4118798971176147,0.0005009448506078514
774,7,1.3315695524215698,0.0004990591493921485
775,7,1.129899263381958,0.000497173461587166
776,7,1.4299108982086182,0.0004952878140141545
777,7,1.2855890989303589,0.0004934022334937921
778,7,1.488285779953003,0.0004915167468458031
779,7,1.061450719833374,0.0004896313808885768
780,7,1.0688836574554443,0.0004877461624387859
781,7,1.3688113689422607,0.0004858611183110044
782,7,1.3996083736419678,0.00048397627531732753
783,7,1.2217707633972168,0.0004820916602669894
784,7,1.0293152332305908,0.00048020729996598225
785,7,1.3617627620697021,0.000478323221216674
786,7,1.3928724527359009,0.0004764394508174288
787,7,1.458182454109192,0.00047455601556222463
788,7,1.463697075843811,0.0004726729422402727
789,7,1.1655248403549194,0.0004707902576356356
790,7,1.4540534019470215,0.0004689079885268477
791,7,1.0959534645080566,0.00046702616168653314
792,7,1.243922233581543,0.0004651448038810258
793,7,1.183772325515747,0.00046326394186998744
794,7,1.1069899797439575,0.00046138360240602854
795,7,1.4731969833374023,0.00045950381223432694
796,7,1.1906377077102661,0.0004576245980922476
797,7,1.1492998600006104,0.0004557459867089618
798,7,1.0276787281036377,0.000453868004805068
799,7,1.168317437171936,0.00045199067909221095
800,7,1.033980369567871,0.0004501140362727022
801,7,1.010542869567871,0.0004482381030391398
802,7,1.8890836238861084,0.00044636290607402907
803,7,2.5434255599975586,0.00044448847204940303
804,7,1.0158427953720093,0.00044261482762644305
805,7,1.0280978679656982,0.000440741999455099
806,7,1.6299495697021484,0.0004388700141737114
807,7,1.0619609355926514,0.0004369988984086316
808,7,1.2958083152770996,0.0004351286787738431
809,7,1.213056206703186,0.00043325938187058324
810,7,1.0492753982543945,0.0004313910342869651
811,7,1.0998166799545288,0.00042952366259759876
812,7,1.2112904787063599,0.000427657293363214
813,7,1.2593388557434082,0.00042579195313028126
814,7,1.1505439281463623,0.00042392766843063554
815,7,1.0576257705688477,0.00042206446578109836
816,7,1.2109143733978271,0.00042020237168310053
817,7,1.1177644729614258,0.00041834141262230495
818,7,1.0428937673568726,0.0004164816150682305
819,7,1.2235586643218994,0.00041462300547387534
820,7,1.2303621768951416,0.0004127656102753405
821,7,1.6019850969314575,0.0004109094558914541
822,7,1.3733501434326172,0.0004090545687233947
823,7,1.0198767185211182,0.0004072009751543174
824,7,1.2020628452301025,0.0004053487015489772
825,7,1.3079195022583008,0.000403497774253355
826,7,1.0261244773864746,0.0004016482195942813
827,7,1.2018393278121948,0.0003998000638790637
828,7,1.290494441986084,0.00039795333339511153
829,7,1.4504427909851074,0.00039610805440956236
830,7,1.2804791927337646,0.00039426425316890773
831,7,1.1905182600021362,0.0003924219558986209
832,7,1.097148060798645,0.00039058118880278296
833,7,1.1320507526397705,0.00038874197806371076
834,8,1.3299992084503174,0.00038690434984158374
835,8,0.9771259427070618,0.0003850683302740724
836,8,1.0590972900390625,0.00038323394547596653
837,8,1.3207916021347046,0.00038140122153880376
838,8,1.2591782808303833,0.0003795701845304978
839,8,1.2342805862426758,0.00037774086049496874
840,8,1.068701982498169,0.00037591327545177176
841,8,0.9783837795257568,0.00037408745539572726
842,8,1.0221027135849,0.00037226342629655124
843,8,1.0075128078460693,0.00037044121409848606
844,8,1.0322946310043335,0.000368620844719931
845,8,1.0679943561553955,0.0003668023440530742
846,8,1.7197895050048828,0.00036498573796352326
847,8,1.5437953472137451,0.00036317105228993873
848,8,1.5291204452514648,0.0003613583128436658
849,8,1.2774689197540283,0.00035954754540836744
850,8,1.0630981922149658,0.00035773877573965705
851,8,1.1187410354614258,0.0003559320295647332
852,8,1.100107192993164,0.00035412733258201285
853,8,1.0641984939575195,0.0003523247104607662
854,8,0.950128436088562,0.00035052418884075115
855,8,1.087950348854065,0.0003487257933318493
856,8,1.0210883617401123,0.0003469295495137012
857,8,1.2025200128555298,0.00034513548293534275
858,8,1.4534027576446533,0.0003433436191148412
859,8,1.231192946434021,0.0003415539835389332
860,8,1.139296531677246,0.00033976660166266167
861,8,1.1689350605010986,0.0003379814989090138
862,8,1.204916000366211,0.00033619870066855926
863,8,1.2311291694641113,0.0003344182322990894
864,8,1.4850780963897705,0.00033264011912525663
865,8,0.9698308706283569,0.00033086438643821383
866,8,1.347940444946289,0.00032909105949525475
867,8,1.5091311931610107,0.0003273201635194551
868,8,1.373112678527832,0.0003255517236993131
869,8,1.3163676261901855,0.000323785765188392
870,8,1.1378306150436401,0.0003220223131049617
871,8,1.3478835821151733,0.00032026139253164176
872,8,0.9894490838050842,0.00031850302851504464
873,8,1.2577874660491943,0.00031674724606541954
874,8,1.1004137992858887,0.0003149940701562959
875,8,1.5578439235687256,0.00031324352572412943
876,8,1.2946021556854248,0.00031149563766794656
877,8,1.2825417518615723,0.0003097504308489907
878,8,1.2853705883026123,0.0003080079300903678
879,8,1.3016903400421143,0.0003062681601766947
880,8,1.1301727294921875,0.0003045311458537454
881,8,1.395827054977417,0.0003027969118280998
882,8,1.2922877073287964,0.00030106548276679154
883,8,1.2227474451065063,0.00029933688329695796
884,8,1.3784592151641846,0.00029761113800548934
885,8,1.4267816543579102,0.0002958882714386795
886,8,1.1855454444885254,0.0002941683081018758
887,8,1.081611156463623,0.0002924512724591321
888,8,1.2229952812194824,0.0002907371889328593
889,8,1.1163525581359863,0.0002890260819034792
890,8,1.2376956939697266,0.0002873179757090765
891,8,1.1892189979553223,0.00028561289464505344
892,8,1.061930775642395,0.0002839108629637845
893,8,1.319587230682373,0.00028221190487427044
894,8,1.1914759874343872,0.00028051604454179465
895,8,1.2645864486694336,0.00027882330608757926
896,8,1.1480718851089478,0.00027713371358844245
897,8,1.6197614669799805,0.00027544729107645526
898,8,1.1645574569702148,0.0002737640625386001
899,8,1.032975673675537,0.00027208405191642956
900,8,1.373215675354004,0.00027040728310572654
901,8,1.2891871929168701,0.00026873377995616297
902,8,1.1124022006988525,0.00026706356627096165
903,8,1.1630289554595947,0.0002653966658065574
904,8,1.4365190267562866,0.0002637331022722593
905,8,1.185592532157898,0.0002620728993299131
906,8,1.0527335405349731,0.00026041608059356483
907,8,1.180555820465088,0.0002587626696291249
908,8,1.1907485723495483,0.0002571126899540335
909,8,1.1623831987380981,0.00025546616503692497
910,8,1.1590263843536377,0.00025382311829729457
911,8,1.2884454727172852,0.0002521835731051661
912,8,1.2412958145141602,0.000250547552780758
913,8,1.3754503726959229,0.0002489150805941527
914,8,0.8756079077720642,0.0002472861797649657
915,8,1.461439847946167,0.00024566087346201444
916,8,1.0373594760894775,0.00024403918480298947
917,8,1.283514380455017,0.00024242113685412584
918,8,1.1169843673706055,0.0002408067526298741
919,8,1.1965887546539307,0.00023919605509257376
920,8,1.0452260971069336,0.00023758906715212614
921,8,1.0922584533691406,0.00023598581166566935
922,8,1.1860852241516113,0.00023438631143725205
923,8,1.213420033454895,0.00023279058921750985
924,8,1.2657687664031982,0.0002311986677033413
925,8,1.008799433708191,0.00022961056953758584
926,8,1.2958102226257324,0.00022802631730870062
927,8,1.1763460636138916,0.00022644593355043992
928,8,1.0517749786376953,0.00022486944074153432
929,8,1.1270556449890137,0.0002232968613053717
930,8,1.126333475112915,0.00022172821760967716
931,8,0.9721835851669312,0.0002201635319661956
932,8,0.9978669881820679,0.00021860282663037402
933,8,0.9990118741989136,0.00021704612380104579
934,8,1.2962318658828735,0.00021549344562011365
935,8,1.1025508642196655,0.00021394481417223553
936,8,1.7074456214904785,0.00021240025148451026
937,8,1.0953501462936401,0.00021085977952616463
938,8,1.0242316722869873,0.00020932342020824017
939,8,1.4413690567016602,0.0002077911953832821
940,8,1.0311133861541748,0.00020626312684502798
941,8,1.1467962265014648,0.00020473923632809883
942,8,1.2864937782287598,0.00020321954550768837
943,8,1.1124217510223389,0.00020170407599925583
944,8,1.1168489456176758,0.00020019284935821852
945,8,1.0120004415512085,0.00019868588707964462
946,8,1.321342945098877,0.00019718321059794783
947,8,1.0774190425872803,0.00019568484128658231
948,8,0.8654183745384216,0.0001941908004577393
949,8,1.274682879447937,0.00019270110936204276
950,8,1.2263479232788086,0.00019121578918824866
951,8,1.3736138343811035,0.00018973486106294173
952,8,1.1717156171798706,0.00018825834605023698
953,9,1.0941030979156494,0.00018678626515147842
954,9,0.9832611083984375,0.00018531863930494187
955,9,0.9835460186004639,0.00018385548938553497
956,9,1.1732831001281738,0.00018239683620450308
957,9,1.1951172351837158,0.00018094270050913067
958,9,0.8531032800674438,0.00017949310298244839
959,9,1.1031450033187866,0.0001780480642429365
960,9,1.0959270000457764,0.00017660760484423425
961,9,1.205824375152588,0.00017517174527484534
962,9,1.0075528621673584,0.00017374050595784816
963,9,1.0522823333740234,0.0001723139072506035
964,9,1.2355166673660278,0.00017089196944446698
965,9,1.023411750793457,0.0001694747127644988
966,9,1.141869306564331,0.0001680621573691775
967,9,0.9246394038200378,0.00016665432335011144
968,9,1.1499996185302734,0.00016525123073175493
969,9,1.3979711532592773,0.00016385289947112207
970,9,1.578608512878418,0.00016245934945750378
971,9,1.228573203086853,0.00016107060051218406
972,9,1.1807266473770142,0.0001596866723881587
973,9,1.099307894706726,0.00015830758476985372
974,9,1.2594249248504639,0.00015693335727284658
975,9,0.8646047115325928,0.00015556400944358566
976,9,0.9835997223854065,0.00015419956075911302
977,9,0.9469659328460693,0.00015284003062678784
978,9,1.2193470001220703,0.0001514854383840091
979,9,1.4643974304199219,0.0001501358032979418
980,9,1.3246796131134033,0.0001487911445652419
981,9,1.3092001676559448,0.0001474514813117843
982,9,1.1554145812988281,0.0001461168325923899
983,9,1.1669198274612427,0.00014478721739055497
984,9,0.9396686553955078,0.0001434626546181809
985,9,1.5215009450912476,0.00014214316311530608
986,9,1.1653249263763428,0.00014082876164983645
987,9,1.0134268999099731,0.0001395194689172798
988,9,1.102190375328064,0.00013821530354047896
989,9,1.309917688369751,0.00013691628406934804
990,9,1.1243809461593628,0.00013562242898060745
991,9,1.10414719581604,0.00013433375667752147
992,9,1.0960018634796143,0.00013305028548963658
993,9,1.1181451082229614,0.00013177203367252115
994,9,1.1268354654312134,0.00013049901940750497
995,9,1.340979814529419,0.00012923126080142106
996,9,0.9056866765022278,0.00012796877588634801
997,9,1.17886483669281,0.00012671158261935405
998,9,1.4720582962036133,0.00012545969888224073
999,9,1.025029182434082,0.0001242131424812892
1000,9,1.0241773128509521,0.00012297193114700652
1001,9,1.3158867359161377,0.00012173608253387425
1002,9,1.0867908000946045,0.00012050561422009632
1003,9,1.0905544757843018,0.00011928054370734951
1004,9,1.8308199644088745,0.00011806088842053486
1005,9,1.1911202669143677,0.00011684666570752917
1006,9,1.2628446817398071,0.00011563789283893834
1007,9,1.6897531747817993,0.00011443458700785253
1008,9,1.1038998365402222,0.00011323676532960039
1009,9,1.0607810020446777,0.00011204444484150644
1010,9,1.1129744052886963,0.0001108576425026488
1011,9,1.2449748516082764,0.00010967637519361728
1012,9,0.9980708360671997,0.00010850065971627389
1013,9,1.2381336688995361,0.0001073305127935135
1014,9,1.0113847255706787,0.0001061659510690266
1015,9,1.162407398223877,0.00010500699110706155
1016,9,1.09623384475708,0.0001038536493921899
1017,9,1.0662606954574585,0.00010270594232907118
1018,9,1.18684983253479,0.0001015638862422206
1019,9,1.1287908554077148,0.00010042749737577554
1020,9,1.7910783290863037,9.929679189326547e-05
1021,9,1.1570466756820679,9.817178587738153e-05
1022,9,1.0856130123138428,9.705249532974846e-05
1023,9,1.060181736946106,9.593893617069602e-05
1024,9,1.365065097808838,9.483112423903319e-05
1025,9,1.633787989616394,9.372907529182277e-05
1026,9,1.2187438011169434,9.263280500415739e-05
1027,9,1.1885563135147095,9.154232896893609e-05
1028,9,1.0766303539276123,9.045766269664314e-05
1029,9,1.4514353275299072,8.937882161512672e-05
1030,9,0.9827277660369873,8.830582106938051e-05
1031,9,1.1849639415740967,8.723867632132419e-05
1032,9,1.2649351358413696,8.617740254958729e-05
1033,9,0.8963873982429504,8.512201484929282e-05
1034,9,1.0936071872711182,8.407252823184297e-05
1035,9,1.1273760795593262,8.302895762470512e-05
1036,9,1.2398414611816406,8.199131787119973e-05
1037,9,1.0907012224197388,8.095962373028947e-05
1038,9,1.3700098991394043,7.993388987636881e-05
1039,9,1.6205776929855347,7.891413089905567e-05
1040,9,1.3453004360198975,7.790036130298354e-05
1041,9,1.2067937850952148,7.689259550759591e-05
1042,9,2.0099287033081055,7.589084784694004e-05
1043,9,0.9834847450256348,7.489513256946446e-05
1044,9,1.092848777770996,7.39054638378146e-05
1045,9,0.9919449090957642,7.29218557286332e-05
1046,9,1.5622165203094482,7.194432223235858e-05
1047,9,1.1042187213897705,7.097287725302681e-05
1048,9,0.9442087411880493,7.000753460807261e-05
1049,9,1.3743929862976074,6.904830802813447e-05
1050,9,1.0284175872802734,6.809521115685772e-05
1051,9,1.1195480823516846,6.714825755070199e-05
1052,9,1.116618275642395,6.620746067874675e-05
1053,9,1.028581142425537,6.527283392250139e-05
1054,9,1.4069232940673828,6.434439057571353e-05
1055,9,1.184741497039795,6.342214384418109e-05
1056,9,1.0871226787567139,6.250610684556319e-05
1057,9,1.6873500347137451,6.159629260919477e-05
1058,9,0.9667039513587952,6.069271407590054e-05
1059,9,1.1375914812088013,5.9795384097811316e-05
1060,9,1.1856536865234375,5.890431543818061e-05
1061,9,1.1610124111175537,5.8019520771204e-05
1062,9,1.271425485610962,5.7141012681838016e-05
1063,9,0.9910227060317993,5.6268803665621726e-05
1064,9,1.0334665775299072,5.540290612849853e-05
1065,9,1.1021021604537964,5.454333238664021e-05
1066,9,1.3659780025482178,5.3690094666271054e-05
1067,9,1.3755404949188232,5.2843205103494907e-05
1068,9,1.3669700622558594,5.200267574412165e-05
1069,9,1.0881531238555908,5.1168518543496264e-05
1070,9,1.1732358932495117,5.034074536632907e-05
1071,9,0.9919121861457825,4.9519367986526286e-05
1072,10,1.3057900667190552,4.870439808702304e-05
1073,10,1.1159377098083496,4.789584725961707e-05
1074,10,2.1108615398406982,4.709372700480409e-05
1075,10,1.0279066562652588,4.629804873161368e-05
1076,10,1.1296517848968506,4.5508823757447466e-05
1077,10,1.243639349937439,4.472606330791791e-05
1078,10,1.0651605129241943,4.394977851668893e-05
1079,10,1.0518147945404053,4.31799804253171e-05
1080,10,1.7573978900909424,4.24166799830949e-05
1081,10,1.0953997373580933,4.1659888046894866e-05
1082,10,1.0841999053955078,4.090961538101549e-05
1083,10,1.300783395767212,4.01658726570275e-05
1084,10,1.2116165161132812,3.942867045362252e-05
1085,10,0.9590015411376953,3.8698019256462426e-05
1086,10,1.2650898694992065,3.797392945803054e-05
1087,10,1.0521104335784912,3.725641135748326e-05
1088,10,1.4996379613876343,3.6545475160503876e-05
1089,10,1.338639259338379,3.5841130979157416e-05
1090,10,1.2170405387878418,3.5143388831746917e-05
1091,10,1.3698132038116455,3.445225864267061e-05
1092,10,0.9742525219917297,3.3767750242280956e-05
1093,10,1.319383144378662,3.308987336674485e-05
1094,10,1.0016509294509888,3.2418637657905245e-05
1095,10,1.0019363164901733,3.1754052663143575e-05
1096,10,1.0397696495056152,3.109612783524434e-05
1097,10,0.9162734746932983,3.044487253226079e-05
1098,10,1.352372169494629,2.9800296017381288e-05
1099,10,1.2626596689224243,2.916240745879784e-05
1100,10,1.0088484287261963,2.8531215929576077e-05
1101,10,0.9634709358215332,2.7906730407525458e-05
1102,10,1.583296298980713,2.7288959775071935e-05
1103,10,1.2162318229675293,2.667791281913197e-05
1104,10,1.0515893697738647,2.6073598230986913e-05
1105,10,1.1857194900512695,2.54760246061597e-05
1106,10,1.3031888008117676,2.488520044429263e-05
1107,10,1.1843669414520264,2.4301134149026397e-05
1108,10,1.3454277515411377,2.3723834027880643e-05
1109,10,1.0251760482788086,2.3153308292135598e-05
1110,10,1.1829794645309448,2.258956505671539e-05
1111,10,1.2760539054870605,2.2032612340072828e-05
1112,10,1.0811878442764282,2.1482458064075025e-05
1113,10,1.2574275732040405,2.0939110053890836e-05
1114,10,1.2402129173278809,2.040257603787961e-05
1115,10,1.0928280353546143,1.9872863647481383e-05
1116,10,0.8316489458084106,1.9349980417107983e-05
1117,10,1.6436266899108887,1.8833933784036145e-05
1118,10,1.5476222038269043,1.832473108830163e-05
1119,10,1.1316415071487427,1.782237957259494e-05
1120,10,1.2949460744857788,1.732688638215798e-05
1121,10,1.1193859577178955,1.6838258564682913e-05
1122,10,1.5734803676605225,1.635650307021135e-05
1123,10,1.3055860996246338,1.58816267510362e-05
1124,10,0.877944827079773,1.5413636361603376e-05
1125,10,1.0788674354553223,1.495253855841646e-05
1126,10,1.0098928213119507,1.4498339899941473e-05
1127,10,0.9234771728515625,1.4051046846514039e-05
1128,10,0.9969081878662109,1.3610665760247248e-05
1129,10,1.3326555490493774,1.3177202904941004e-05
1130,10,1.1186856031417847,1.275066444599343e-05
1131,10,1.4476549625396729,1.2331056450312655e-05
1132,10,1.1451702117919922,1.1918384886230842e-05
1133,10,0.9523376226425171,1.1512655623419072e-05
1134,10,1.3184916973114014,1.111387443280415e-05
1135,10,1.486328125,1.0722046986486157e-05
1136,10,1.1207067966461182,1.03371788576583e-05
1137,10,1.2318778038024902,9.959275520526862e-06
1138,10,1.3266499042510986,9.588342350234049e-06
1139,10,0.8664513826370239,9.224384622781261e-06
1140,10,1.0549335479736328,8.867407514954112e-06
1141,10,1.1206430196762085,8.517416104248475e-06
1142,10,1.200640082359314,8.174415368798826e-06
1143,10,0.9393982291221619,7.838410187306966e-06
1144,10,1.1871598958969116,7.509405338972965e-06
1145,10,1.218888759613037,7.187405503426773e-06
1146,10,1.1625953912734985,6.8724152606621624e-06
1147,10,1.1045745611190796,6.564439090971168e-06
1148,10,1.2489784955978394,6.26348137488075e-06
1149,10,1.2562835216522217,5.969546393089845e-06
1150,10,1.5668268203735352,5.682638326409303e-06
1151,10,1.279502511024475,5.402761255701769e-06
1152,10,1.013610601425171,5.1299191618241175e-06
1153,10,0.9251865744590759,4.864115925570276e-06
1154,10,1.3000191450119019,4.605355327616659e-06
1155,10,1.281378984451294,4.353641048467824e-06
1156,10,1.6722276210784912,4.1089766684046205e-06
1157,10,1.0098909139633179,3.87136566743279e-06
1158,10,1.5011440515518188,3.6408114252338922e-06
1159,10,1.4594001770019531,3.4173172211169032e-06
1160,10,1.473789930343628,3.200886233971803e-06
1161,10,1.1674941778182983,2.9915215422242266e-06
1162,10,1.125178337097168,2.7892261237917216e-06
1163,10,1.1193256378173828,2.5940028560414464e-06
1164,10,1.042401909828186,2.4058545157490397e-06
1165,10,1.0290683507919312,2.224783779059482e-06
1166,10,1.4606518745422363,2.0507932214485736e-06
1167,10,0.9150043725967407,1.8838853176867968e-06
1168,10,1.51823091506958,1.7240624418037309e-06
1169,10,1.3584316968917847,1.5713268670544713e-06
1170,10,1.1003838777542114,1.4256807658871537e-06
1171,10,1.1066718101501465,1.287126209912257e-06
1172,10,0.9608331918716431,1.155665169873016e-06
1173,10,1.057115077972412,1.031299515617333e-06
1174,10,1.1205346584320068,9.140310160712988e-07
1175,10,0.9354234933853149,8.038613392140467e-07
1176,10,1.4314937591552734,7.007920520538265e-07
1177,10,1.1716265678405762,6.048246206059677e-07
1178,10,1.1046757698059082,5.159604098718399e-07
1179,10,0.9192277789115906,4.342006838195911e-07
1180,10,1.1224263906478882,3.5954660536605104e-07
1181,10,0.9941833019256592,2.9199923636018864e-07
1182,10,1.001725196838379,2.3155953756812456e-07
1183,10,1.293579339981079,1.782283686593084e-07
1184,10,1.1054186820983887,1.3200648819452887e-07
1185,10,1.2198758125305176,9.289455361475569e-08
1186,10,1.5118041038513184,6.08931212322026e-08
1187,10,1.0856174230575562,3.600264622211159e-08
1188,10,1.518334150314331,1.8223482616313685e-08
1189,10,0.9460471868515015,7.555883298455016e-09
1190,10,2.0659351348876953,4e-09
